crop,month,workers_per_10a,field_type,basis
들깨,1,0.0,노지,가정값
들깨,2,0.0,노지,가정값
들깨,3,0.0,노지,가정값
들깨,4,0.0,노지,가정값
들깨,5,0.015,노지,가정값
들깨,6,0.03,노지,가정값
들깨,7,0.015,노지,가정값
들깨,8,0.0075,노지,가정값
들깨,9,0.0075,노지,가정값
들깨,10,0.0675,노지,가정값
들깨,11,0.0075,노지,가정값
들깨,12,0.0,노지,가정값
고추,1,0.0,노지,가정값
고추,2,0.0,노지,가정값
고추,3,0.0,노지,가정값
고추,4,0.04,노지,가정값
고추,5,0.16,노지,가정값
고추,6,0.08,노지,가정값
고추,7,0.12,노지,가정값
고추,8,0.2,노지,가정값
고추,9,0.16,노지,가정값
고추,10,0.04,노지,가정값
고추,11,0.0,노지,가정값
고추,12,0.0,노지,가정값
배추,1,0.0,노지,가정값
배추,2,0.0,노지,가정값
배추,3,0.0,노지,가정값
배추,4,0.0,노지,가정값
배추,5,0.0,노지,가정값
배추,6,0.0,노지,가정값
배추,7,0.0,노지,가정값
배추,8,0.0525,노지,가정값
배추,9,0.0525,노지,가정값
배추,10,0.07,노지,가정값
배추,11,0.1575,노지,가정값
배추,12,0.0175,노지,가정값
무,1,0.0,노지,가정값
무,2,0.0,노지,가정값
무,3,0.0,노지,가정값
무,4,0.0,노지,가정값
무,5,0.0,노지,가정값
무,6,0.0,노지,가정값
무,7,0.0,노지,가정값
무,8,0.05,노지,가정값
무,9,0.0375,노지,가정값
무,10,0.0625,노지,가정값
무,11,0.1,노지,가정값
무,12,0.0,노지,가정값
호박,1,0.0,노지,가정값
호박,2,0.0,노지,가정값
호박,3,0.0,노지,가정값
호박,4,0.045,노지,가정값
호박,5,0.09,노지,가정값
호박,6,0.09,노지,가정값
호박,7,0.09,노지,가정값
호박,8,0.0675,노지,가정값
호박,9,0.045,노지,가정값
호박,10,0.0225,노지,가정값
호박,11,0.0,노지,가정값
호박,12,0.0,노지,가정값
오이,1,0.0,노지,가정값
오이,2,0.0,노지,가정값
오이,3,0.0,노지,가정값
오이,4,0.05,노지,가정값
오이,5,0.2,노지,가정값
오이,6,0.3,노지,가정값
오이,7,0.3,노지,가정값
오이,8,0.15,노지,가정값
오이,9,0.0,노지,가정값
오이,10,0.0,노지,가정값
오이,11,0.0,노지,가정값
오이,12,0.0,노지,가정값
참깨,1,0.0,노지,가정값
참깨,2,0.0,노지,가정값
참깨,3,0.0,노지,가정값
참깨,4,0.0,노지,가정값
참깨,5,0.04,노지,가정값
참깨,6,0.03,노지,가정값
참깨,7,0.03,노지,가정값
참깨,8,0.08,노지,가정값
참깨,9,0.02,노지,가정값
참깨,10,0.0,노지,가정값
참깨,11,0.0,노지,가정값
참깨,12,0.0,노지,가정값
배,1,0.033,노지,가정값
배,2,0.055,노지,가정값
배,3,0.055,노지,가정값
배,4,0.132,노지,가정값
배,5,0.165,노지,가정값
배,6,0.132,노지,가정값
배,7,0.055,노지,가정값
배,8,0.055,노지,가정값
배,9,0.165,노지,가정값
배,10,0.198,노지,가정값
배,11,0.033,노지,가정값
배,12,0.022,노지,가정값
사과,1,0.03,노지,가정값
사과,2,0.05,노지,가정값
사과,3,0.05,노지,가정값
사과,4,0.08,노지,가정값
사과,5,0.15,노지,가정값
사과,6,0.12,노지,가정값
사과,7,0.06,노지,가정값
사과,8,0.06,노지,가정값
사과,9,0.12,노지,가정값
사과,10,0.2,노지,가정값
사과,11,0.06,노지,가정값
사과,12,0.02,노지,가정값
오이,1,0.27,시설,가정값
오이,2,0.36,시설,가정값
오이,3,0.45,시설,가정값
오이,4,0.495,시설,가정값
오이,5,0.495,시설,가정값
오이,6,0.405,시설,가정값
오이,7,0.18,시설,가정값
오이,8,0.27,시설,가정값
오이,9,0.405,시설,가정값
오이,10,0.45,시설,가정값
오이,11,0.405,시설,가정값
오이,12,0.315,시설,가정값
호박,1,0.18,시설,가정값
호박,2,0.24,시설,가정값
호박,3,0.3,시설,가정값
호박,4,0.33,시설,가정값
호박,5,0.3,시설,가정값
호박,6,0.24,시설,가정값
호박,7,0.12,시설,가정값
호박,8,0.15,시설,가정값
호박,9,0.27,시설,가정값
호박,10,0.33,시설,가정값
호박,11,0.3,시설,가정값
호박,12,0.24,시설,가정값
고추,1,0.105,시설,가정값
고추,2,0.21,시설,가정값
고추,3,0.35,시설,가정값
고추,4,0.42,시설,가정값
고추,5,0.455,시설,가정값
고추,6,0.455,시설,가정값
고추,7,0.42,시설,가정값
고추,8,0.385,시설,가정값
고추,9,0.315,시설,가정값
고추,10,0.21,시설,가정값
고추,11,0.105,시설,가정값
고추,12,0.07,시설,가정값
