"행정구역별","특성별",2025,2025,2025,2025,2025,2025,2025,2025,2025,2025,2025,2025,2025,2025,2025,2025,2025,2025,2025,2025,2025,2025,2025,2025,2025,2025,2025,2025,2025,2025,2025,2025,2025,2025,2025,2025,2025,2025,2025,2025,2025,2025,2025,2025,2025,2025,2025,2025
"행정구역별","특성별",배추_농가 (가구),배추_면적 (ha),무_농가 (가구),무_면적 (ha),고추_농가 (가구),고추_면적 (ha),시금치_농가 (가구),시금치_면적 (ha),상추_농가 (가구),상추_면적 (ha),호박_농가 (가구),호박_면적 (ha),오이_농가 (가구),오이_면적 (ha),수박_농가 (가구),수박_면적 (ha),멜론_농가 (가구),멜론_면적 (ha),토마토(일반)_농가 (가구),토마토(일반)_면적 (ha),토마토(방울)_농가 (가구),토마토(방울)_면적 (ha),딸기_농가 (가구),딸기_면적 (ha),참외_농가 (가구),참외_면적 (ha),파프리카_농가 (가구),파프리카_면적 (ha),서양채소_농가 (가구),서양채소_면적 (ha),화초작물(꽃)_농가 (가구),화초작물(꽃)_면적 (ha),산나물_농가 (가구),산나물_면적 (ha),약용 작물_농가 (가구),약용 작물_면적 (ha),관상 작물_농가 (가구),관상 작물_면적 (ha),양송이_농가 (가구),양송이_면적 (ha),느타리_농가 (가구),느타리_면적 (ha),새송이_농가 (가구),새송이_면적 (ha),기타 버섯_농가 (가구),기타 버섯_면적 (ha),기타 시설 작물_농가 (가구),기타 시설 작물_면적 (ha)
"경기도","계",1428,392,756,72,4966,302,1335,855,1940,374,569,123,1423,261,332,80,30,8,723,94,551,77,258,78,304,24,35,6,473,259,1266,418,127,25,96,21,418,111,9,1,87,14,15,3,77,10,2539,1615
"경기도","재배규모별",1428,392,756,72,4966,302,1335,855,1940,374,569,123,1423,261,332,80,30,8,723,94,551,77,258,78,304,24,35,6,473,259,1266,418,127,25,96,21,418,111,9,1,87,14,15,3,77,10,2539,1615
"양주시","계",38,5,22,1,366,18,19,4,34,2,94,47,105,48,2,-,-,-,22,3,24,5,15,5,6,-,-,-,2,-,57,12,3,-,3,-,8,1,-,-,4,-,-,-,-,-,95,27
"양주시","재배규모별",38,5,22,1,366,18,19,4,34,2,94,47,105,48,2,-,-,-,22,3,24,5,15,5,6,-,-,-,2,-,57,12,3,-,3,-,8,1,-,-,4,-,-,-,-,-,95,27
"백석읍","계",7,-,5,-,72,4,2,2,9,1,32,17,43,25,-,-,-,-,9,2,10,4,1,-,-,-,-,-,1,-,2,-,1,-,2,-,1,-,-,-,2,-,-,-,-,-,10,3
"은현면","계",4,-,5,-,46,3,-,-,1,-,10,8,9,5,-,-,-,-,1,-,1,-,-,-,-,-,-,-,-,-,-,-,-,-,-,-,-,-,-,-,1,-,-,-,-,-,16,8
"남면","계",3,-,1,-,37,3,3,1,1,-,21,10,10,3,-,-,-,-,3,1,2,-,-,-,1,-,-,-,-,-,6,3,-,-,-,-,1,-,-,-,-,-,-,-,-,-,10,2
"광적면","계",5,1,2,-,134,6,-,-,1,-,13,6,15,5,2,-,-,-,3,-,1,-,4,-,3,-,-,-,-,-,2,-,-,-,-,-,2,-,-,-,1,-,-,-,-,-,6,-
"장흥면","계",4,-,2,-,12,-,4,-,8,-,-,-,5,-,-,-,-,-,3,-,2,-,1,-,-,-,-,-,-,-,44,9,1,-,-,-,2,-,-,-,-,-,-,-,-,-,5,1
"양주1동","계",3,-,1,-,5,-,2,-,3,-,3,1,5,2,-,-,-,-,-,-,-,-,1,2,1,-,-,-,-,-,-,-,-,-,-,-,-,-,-,-,-,-,-,-,-,-,4,1
"양주2동","계",7,2,4,-,29,1,3,-,6,1,3,1,6,1,-,-,-,-,1,-,6,-,4,1,-,-,-,-,1,-,-,-,1,-,1,-,2,-,-,-,-,-,-,-,-,-,8,1
"회천1동","계",-,-,-,-,1,-,-,-,-,-,-,-,-,-,-,-,-,-,-,-,-,-,-,-,-,-,-,-,-,-,2,-,-,-,-,-,-,-,-,-,-,-,-,-,-,-,1,-
"회천2동","계",-,-,-,-,4,-,1,-,-,-,5,3,3,2,-,-,-,-,-,-,-,-,-,-,-,-,-,-,-,-,-,-,-,-,-,-,-,-,-,-,-,-,-,-,-,-,1,1
"회천3동","계",1,-,-,-,3,-,-,-,-,-,1,-,3,1,-,-,-,-,-,-,-,-,-,-,1,-,-,-,-,-,-,-,-,-,-,-,-,-,-,-,-,-,-,-,-,-,6,2
"옥정1동","계",2,-,2,-,14,1,-,-,2,-,3,-,2,-,-,-,-,-,-,-,-,-,1,-,-,-,-,-,-,-,-,-,-,-,-,-,-,-,-,-,-,-,-,-,-,-,24,6
"옥정2동","계",2,2,-,-,9,1,4,1,3,-,3,1,4,3,-,-,-,-,2,-,2,-,3,1,-,-,-,-,-,-,1,-,-,-,-,-,-,-,-,-,-,-,-,-,-,-,4,1
