"행정구역별","특성별",2025,2025,2025,2025,2025,2025,2025,2025,2025,2025,2025,2025,2025,2025,2025,2025,2025,2025,2025,2025,2025
"행정구역별","특성별",농가 (가구),경지 없는 농가 (가구),경지 규모별 농가:소계 (가구),0.1ha 미만 (가구),0.1~0.2 (가구),0.2~0.3 (가구),0.3~0.5 (가구),0.5~0.7 (가구),0.7~1.0 (가구),1.0~1.5 (가구),1.5~2.0 (가구),2.0~2.5 (가구),2.5~3.0 (가구),3.0~4.0 (가구),4.0~5.0 (가구),5.0~6.0 (가구),6.0~7.0 (가구),7.0~10.0 (가구),10.0ha 이상 (가구),경지 면적 (ha),미경작 면적 (ha)
"양주시","계",4277,87,4190,32,1436,690,939,384,261,188,102,43,24,30,17,10,11,12,11,2315,63
"양주시","경영주성별",4277,87,4190,32,1436,690,939,384,261,188,102,43,24,30,17,10,11,12,11,2315,63
"양주시","경영주연령구간별",4277,87,4190,32,1436,690,939,384,261,188,102,43,24,30,17,10,11,12,11,2315,63
"양주시","경영주농업종사경력별",4277,87,4190,32,1436,690,939,384,261,188,102,43,24,30,17,10,11,12,11,2315,63
"양주시","전·겸업별",4277,87,4190,32,1436,690,939,384,261,188,102,43,24,30,17,10,11,12,11,2315,63
"양주시","농업경영형태별",4277,87,4190,32,1436,690,939,384,261,188,102,43,24,30,17,10,11,12,11,2315,63
"양주시","농축산물판매금액별",4277,87,4190,32,1436,690,939,384,261,188,102,43,24,30,17,10,11,12,11,2315,63
"양주시","경작하지않은면적규모별",4277,87,4190,32,1436,690,939,384,261,188,102,43,24,30,17,10,11,12,11,2315,63
"백석읍","계",705,14,691,7,235,117,141,66,49,32,21,7,1,3,1,3,5,1,2,391,12
"은현면","계",455,19,436,2,101,59,116,46,41,25,15,3,5,11,3,2,-,4,3,342,3
"남면","계",494,14,480,3,120,64,103,60,34,39,16,12,5,6,5,1,3,4,5,417,8
"광적면","계",577,10,567,4,162,80,129,56,43,37,20,14,5,7,3,2,2,2,1,385,4
"장흥면","계",459,5,454,7,236,73,74,25,23,7,5,1,1,-,2,-,-,-,-,147,8
"양주1동","계",218,2,216,1,72,41,53,22,7,10,5,2,1,-,1,-,-,1,-,102,2
"양주2동","계",410,9,401,3,156,80,86,30,15,19,7,1,2,1,1,-,-,-,-,161,3
"회천1동","계",157,1,156,2,52,30,37,13,8,4,6,1,1,-,-,1,1,-,-,78,6
"회천2동","계",237,3,234,-,100,33,59,22,14,2,2,-,1,1,-,-,-,-,-,82,3
"회천3동","계",172,2,170,2,51,36,42,20,12,4,1,1,1,-,-,-,-,-,-,66,7
"옥정1동","계",181,1,180,1,78,31,48,11,5,5,-,-,-,1,-,-,-,-,-,59,2
"옥정2동","계",212,7,205,-,73,46,51,13,10,4,4,1,1,-,1,1,-,-,-,85,5
