"행정구역별","특성별",2025,2025,2025,2025,2025,2025,2025,2025,2025,2025,2025,2025,2025,2025,2025,2025,2025,2025,2025,2025,2025,2025,2025,2025,2025,2025,2025,2025,2025,2025,2025,2025,2025,2025,2025,2025,2025,2025,2025,2025,2025,2025,2025,2025,2025,2025
"행정구역별","특성별",과수 재배:농가 (가구),면적 (ha),주요 과수:사과_농가 (가구),사과_면적 (ha),배_시설 (가구),배_면적 (ha),복숭아_농가 (가구),복숭아_면적 (ha),단감_농가 (가구),단감_면적 (ha),노지 포도_농가 (가구),노지 포도_면적 (ha),시설 포도_농가 (가구),시설 포도_면적 (ha),노지 감귤_농가 (가구),노지 감귤_면적 (ha),시설 감귤_농가 (가구),시설 감귤_면적 (ha),기타 과수:자두_농가 (가구),자두_면적 (ha),매실_농가 (가구),매실_면적 (ha),살구_농가 (가구),살구_면적 (ha),블루베리_농가 (가구),블루베리_면적 (ha),참다래(키위)_농가 (가구),참다래(키위)_면적 (ha),밤_농가 (가구),밤_면적 (ha),호두_농가 (가구),호두_면적 (ha),대추_농가 (가구),대추_면적 (ha),떫은감_농가 (가구),떫은감_면적 (ha),잣_농가 (가구),잣_면적 (ha),은행_농가 (가구),은행_면적 (ha),복분자·산딸기_농가 (가구),복분자·산딸기_면적 (ha),기타 노지 과수_농가 (가구),기타 노지 과수_면적 (ha),기타 시설 과수_농가 (가구),기타 시설 과수_면적 (ha)
"경기도","계",18472,6329,3216,653,2410,1295,2640,840,1597,184,3200,1080,555,159,100,40,27,8,814,92,2478,341,234,15,1760,311,70,16,1008,278,660,178,3289,444,563,77,66,44,79,15,156,15,1346,222,108,21
"경기도","과수재배규모별",18472,6329,3216,653,2410,1295,2640,840,1597,184,3200,1080,555,159,100,40,27,8,814,92,2478,341,234,15,1760,311,70,16,1008,278,660,178,3289,444,563,77,66,44,79,15,156,15,1346,222,108,21
"양주시","계",267,71,75,15,60,22,29,2,11,2,21,5,6,1,-,-,-,-,14,2,38,5,3,-,28,3,1,-,12,2,10,1,53,7,4,1,1,-,-,-,1,-,24,3,2,-
"양주시","과수재배규모별",267,71,75,15,60,22,29,2,11,2,21,5,6,1,-,-,-,-,14,2,38,5,3,-,28,3,1,-,12,2,10,1,53,7,4,1,1,-,-,-,1,-,24,3,2,-
"백석읍","계",36,8,10,2,6,-,8,1,3,-,5,2,1,-,-,-,-,-,1,-,2,-,-,-,4,-,-,-,4,-,1,-,5,1,-,-,-,-,-,-,-,-,4,1,-,-
"은현면","계",11,2,3,-,3,1,-,-,-,-,-,-,-,-,-,-,-,-,-,-,1,-,-,-,1,-,-,-,2,-,1,-,2,-,1,-,-,-,-,-,-,-,-,-,-,-
"남면","계",17,5,7,2,4,-,2,-,-,-,-,-,-,-,-,-,-,-,-,-,2,-,-,-,2,-,-,-,-,-,-,-,1,-,-,-,-,-,-,-,-,-,7,2,1,-
"광적면","계",21,4,6,2,2,-,3,-,-,-,1,-,-,-,-,-,-,-,2,1,5,1,-,-,3,-,-,-,-,-,-,-,4,-,-,-,-,-,-,-,1,-,-,-,1,-
"장흥면","계",37,6,8,1,1,-,5,-,1,-,2,-,5,1,-,-,-,-,6,-,9,1,1,-,7,1,-,-,2,-,-,-,13,2,-,-,-,-,-,-,-,-,4,-,-,-
"양주1동","계",17,9,3,1,10,5,2,-,1,-,2,1,-,-,-,-,-,-,-,-,3,-,-,-,1,-,-,-,2,-,-,-,2,-,-,-,-,-,-,-,-,-,-,-,-,-
"양주2동","계",31,6,10,1,9,3,2,-,1,-,3,-,-,-,-,-,-,-,2,-,2,-,1,-,3,-,-,-,-,-,2,-,4,-,-,-,-,-,-,-,-,-,2,-,-,-
"회천1동","계",22,12,3,-,13,9,2,-,1,-,-,-,-,-,-,-,-,-,1,-,1,-,1,-,2,-,-,-,2,-,1,-,3,1,-,-,-,-,-,-,-,-,1,-,-,-
"회천2동","계",18,7,8,4,4,1,1,-,-,-,-,-,-,-,-,-,-,-,-,-,3,-,-,-,2,-,-,-,-,-,2,-,3,-,-,-,1,-,-,-,-,-,2,-,-,-
"회천3동","계",15,4,3,-,3,1,1,-,1,1,1,-,-,-,-,-,-,-,-,-,2,-,-,-,1,-,-,-,-,-,-,-,4,1,2,-,-,-,-,-,-,-,1,-,-,-
"옥정1동","계",19,3,7,1,2,-,1,-,3,-,3,-,-,-,-,-,-,-,1,-,5,1,-,-,-,-,-,-,-,-,1,-,4,1,1,-,-,-,-,-,-,-,-,-,-,-
"옥정2동","계",23,5,7,1,3,1,2,-,-,-,4,1,-,-,-,-,-,-,1,-,3,1,-,-,2,-,1,-,-,-,2,-,8,1,-,-,-,-,-,-,-,-,3,-,-,-
